Case_ID;LLM;Q_ID;IF;F;EAR;N;S;Explanation
1;Gemma;D1;5;5;4;5;5;The patient's answer is faithful to the clinical profile, natural in language and tone, and sensible in response. However, it lacks a bit of emotional intensity, which would be expected given the severity of the chest pain.
1;Gemma;D2;5;4;5;5;5;The patient's answer is mostly faithful to the clinical profile, but it slightly deviates from the original description of 'bruciore' (burning) and 'dolore sordo e pulsante' (dull ache and throbbing). However, the overall tone and content are natural and sensible. The patient shows empathy by acknowledging the doctor's question as correct.
1;Gemma;D3;5;4;3;5;5;The patient's answer is mostly faithful to the clinical profile, but it doesn't explicitly mention 'spontaneous' as instructed. The response is natural and sensible, but lacks empathy in tone.
1;Gemma;D4;5;5;5;5;5;The patient's response is faithful to their clinical profile, showing a remissive/introverso character trait by speaking softly and expressing fear. The answer is sensible, natural, and empathetic, making it a strong continuation of the question.
2;Gemma;D1;4;5;2;5;3;The patient's answer is mostly faithful to the clinical profile, but the tone and response are somewhat inconsistent with the character trait 'Diffidente/Irritabile'. The pain description is relevant, but the question 'Why do you ask?' shows a lack of empathy.
2;Gemma;D2;5;5;5;5;5;The patient's answer accurately describes the location and intensity of the chest pain, matching the clinical profile. The response is natural, empathetic, faithful to the data, and sensible in its continuation of the question.
2;Gemma;D3;5;5;4;5;5;The patient's answer is faithful to the clinical profile, natural and sensible. The only weakness lies in empathy, as the response could be more detailed about the emotional impact of the accident.
2;Gemma;D4;5;4;5;5;3;The patient's response is faithful to the character trait of being diffident and irritable, showing empathy by acknowledging their pain. However, it doesn't directly address the question about knowing their pathology, which slightly affects sensibleness.
3;Gemma;D1;5;4;5;5;5;The patient's answer is mostly faithful to the clinical profile, but it slightly digresses with a personal thought about ice cream. The tone and language are natural and empathetic, making sense in the context of the conversation.
3;Gemma;D2;5;4;5;5;5;The patient's answer is mostly faithful to the clinical profile, describing a severe and oppressive chest pain. The use of colloquial language ('like a vice', 'someone's sitting on my chest') adds naturalness and empathy to the response. However, it slightly deviates from the original description by not mentioning the initial consumption of gelato as a trigger.
3;Gemma;D3;5;5;4;5;5;The patient's answer is faithful to the clinical profile, providing relevant information about the trigger of the pain. The response sounds natural and spontaneous, but slightly lacks empathy as it doesn't convey a stronger sense of concern or urgency.
3;Gemma;D4;5;4;5;5;5;The patient's response is faithful to the clinical profile, showing a lack of knowledge about their pathology. The answer is natural and empathetic, but does not directly address the question about knowing their pathology.
4;Gemma;D1;5;5;5;5;5;The patient's response is a perfect example of following the constraints, being faithful to the clinical profile, and showing empathy and natural language. The answer is logical and sensible in relation to the question asked.
4;Gemma;D2;5;4;5;5;5;The patient's answer is mostly faithful to the clinical profile, describing the chest pain as heavy and oppressive. The response is natural and empathetic, showing relief that the doctor understands what they're feeling.
4;Gemma;D3;5;4;5;5;5;The patient's answer is faithful to the clinical profile, describing symptoms consistent with atrial fibrillation and acute myocardial infarction. The response is natural and empathetic, but slightly deviates from the exact wording of the past medical history (e.g., 'feeling a little off' instead of 'palpitazioni').
4;Gemma;D4;5;4;5;5;5;The patient's answer is faithful to the clinical profile, showing fear and uncertainty. However, it doesn't directly address the question about pathology, which might be considered a weakness in faithfulness. The response is empathetic, natural, and sensible.
5;Gemma;D1;5;5;5;5;5;The patient's response is a perfect example of following the constraints, being faithful to the clinical profile, and showing empathy and natural language. The answer directly addresses the question and provides relevant information about their condition.
5;Gemma;D2;5;5;5;5;5;The patient's answer accurately describes the location and intensity of the chest pain, matching the clinical profile. The response is natural, empathetic, and relevant to the question.
5;Gemma;D3;5;5;4;5;5;The patient's answer is faithful to the clinical profile, which states 'Insorgenza improvvisa a riposo' (improvis sudden onset at rest). The response is natural and sensible, but could be more empathetic given the character trait of being diffident/irritabile.
5;Gemma;D4;5;5;5;5;5;The patient's response is faithful to the clinical profile, showing empathy and a natural language. The answer directly addresses the doctor's question without revealing any knowledge of the pathology.
6;Gemma;D1;5;4;5;5;5;The patient's answer is faithful to the clinical profile, showing symptoms of anxiety and severe chest pain. The tone and language are natural and consistent with the character trait 'Ansioso/Agitato'. However, it slightly deviates from the profile by not mentioning the specific timing of the episodes (at least 2 hours after Alprazolam dose).
6;Gemma;D2;5;4;5;5;3;The patient's answer initially seems to confirm the doctor's question, but then it deviates from describing the chest pain and starts talking about a burning sensation spreading throughout the body. The description of the pain as 'tight' and 'burning' is somewhat inconsistent with the initial description of a squeezing feeling behind the breastbone.
6;Gemma;D3;5;4;3;5;5;The patient's answer is mostly faithful to the clinical profile, but it doesn't explicitly mention any specific activity or event that triggered the pain. The response is natural and sensible, but could be more empathetic.
6;Gemma;D4;5;4;5;5;5;The patient's answer is faithful to the profile, showing fear and uncertainty. The response is natural and empathetic, but doesn't directly address the question about pathology.
7;Gemma;D1;5;4;5;5;5;The patient's answer is mostly faithful to the profile, but it doesn't explicitly mention their symptoms. The tone and language are natural and consistent with the character trait of being remissivo/introverso.
7;Gemma;D2;5;4;5;5;5;The patient's answer is mostly faithful to the clinical profile, describing a squeezing sensation in the chest. The tone and language are natural and empathetic, but slightly vague when asked for more details.
7;Gemma;D3;5;5;4;5;5;The patient's answer is faithful to the clinical profile, which mentions exposure to pandemic-related news as a trigger for panic attacks. The tone and language are natural and consistent with the character trait of being remissivo/introverso. However, the empathy score could be higher if the patient showed more emotional intensity in their response.
7;Gemma;D4;5;5;5;5;5;The patient's answer is faithful to their clinical profile, showing a remissive/introverso character trait by speaking in a low voice and not providing unnecessary details. The response is natural, empathetic, and sensible, reflecting the patient's fear and confusion about their condition.
8;Gemma;D1;5;5;5;5;5;The patient's response is a perfect example of following the constraints, being faithful to their clinical profile, and showing empathy and natural language. The answer is sensible and directly addresses the doctor's question.
8;Gemma;D2;2;4;5;3;1;The patient's answer is mostly faithful to the clinical profile, but it doesn't fully describe the feeling of the chest pain. The response is natural and empathetic, but it fails to provide a logical continuation of the question.
8;Gemma;D3;5;4;5;5;5;The patient's answer is mostly faithful to the clinical profile, but it doesn't directly address the question about what they were doing before the pain started. However, it does provide a relevant context of stress and family arguments, which is consistent with their character trait and past medical history.
8;Gemma;D4;5;4;3;4;4;The patient's answer is mostly faithful to the profile, but it reveals some information not explicitly asked (e.g., 'they thought it was epilepsy'). The response shows empathy and natural language use, but could be more consistent with the character trait of being anxious/agitated.
9;Gemma;D1;5;4;5;5;5;The patient's answer is mostly faithful to the clinical profile, but it doesn't explicitly mention vomiting or blood. The tone and language are natural and consistent with the character trait of being remissivo/introverso.
9;Gemma;D2;5;4;5;5;5;The patient's answer is mostly faithful to the clinical profile, describing a squeezing sensation in the center of the chest and a fast heartbeat. The tone and language are natural and empathetic, but it could be more specific about the feeling (e.g., sharp, dull).
9;Gemma;D3;5;5;4;5;5;The patient's answer is faithful to the clinical profile, describing a stressful situation at school that triggered the pain. The tone and language are natural and consistent with the character trait of being remissivo/introverso.
9;Gemma;D4;5;4;5;5;5;The patient's answer is faithful to their clinical profile, showing a lack of knowledge about their pathology. The tone and language are natural and empathetic, matching the character trait of being remissivo/introverso.
10;Gemma;D1;5;4;3;5;5;The patient's answer is mostly faithful to the clinical profile, but it doesn't fully capture the severity of symptoms described in the profile. The response sounds natural and spontaneous, but could be more empathetic.
10;Gemma;D2;5;5;5;5;5;The patient's answer is faithful to the clinical profile, describing a tight and heavy sensation in the center of their chest, which is consistent with tachycardia and dispnea. The response sounds natural and spontaneous, reflecting the intensity of pain.
10;Gemma;D3;4;5;2;3;4;The patient's answer is mostly faithful to the clinical profile, but their tone and skepticism are not entirely consistent with the character trait of being diffident/irritable. The response is somewhat natural in language, but the mention of vaping THC-O could be more explicit about its potential connection to the pain.
10;Gemma;D4;5;4;3;5;5;The patient's answer is generally faithful to the profile, but it doesn't directly address the question about their pathology. The response sounds natural and empathetic, but could be more specific in its description of symptoms.
11;Gemma;D1;5;4;5;5;5;The patient's answer is faithful to the clinical profile, showing a natural and sensible response. The only minor weakness is that it doesn't explicitly mention the frequency or duration of the episodes as described in the profile.
11;Gemma;D2;5;5;4;5;5;The patient's answer is faithful to the clinical profile, describing a tight band sensation around the chest. The response is natural and sensible, but slightly lacks empathy as it doesn't explicitly express distress or anxiety.
11;Gemma;D3;4;5;3;5;5;The patient's answer is mostly faithful to the clinical profile, describing a stressful work environment as a trigger for pain. However, it lacks specificity and direct connection with the doctor, which affects empathy scores. The response sounds natural and sensible.
11;Gemma;D4;5;4;5;5;5;The patient's answer is faithful to the clinical profile, showing a sense of uncertainty and distress. The response is natural and empathetic, but slightly deviates from the character trait 'Diffidente/Irritabile' by not being more skeptical or vagues.
12;Gemma;D1;5;5;5;5;5;The patient's answer is faithful to the clinical profile, reflecting their anxiety and physical symptoms. The response is natural, empathetic, and sensible, following the doctor's question perfectly.
12;Gemma;D2;2;4;5;3;1;The patient's response initially acknowledges the doctor's question, but then fails to provide a clear description of the chest pain. The answer is somewhat natural and empathetic, but it doesn't make sense in the context of the conversation as it simply agrees with the doctor without providing any additional information.
12;Gemma;D3;5;5;4;5;5;The patient's answer is faithful to the clinical profile, describing a situation that triggered anxiety and panic. The response sounds natural and spontaneous, but slightly lacks empathy as it doesn't explicitly express fear or distress in real-time.
12;Gemma;D4;5;5;5;5;5;The patient's response is faithful to their clinical profile, showing anxiety and fear about their condition. The answer is natural, empathetic, and sensible, directly addressing the doctor's question without providing unrequested information.
13;Gemma;D1;5;5;5;5;5;The patient's response is a perfect example of following the constraints, being faithful to the clinical profile, and showing empathy and natural language. The answer is sensible and directly addresses the doctor's question.
13;Gemma;D2;5;5;5;5;5;The patient's answer accurately describes the location and intensity of their chest pain, using vivid language to convey a sense of heaviness and crushing pressure. The response is faithful to the clinical profile and exhibits empathy and naturalness.
13;Gemma;D3;4;5;3;4;5;The patient's answer is mostly faithful to the profile, but lacks empathy and emotional resonance. The response is natural and sensible, following the instruction to only provide relevant information.
13;Gemma;D4;2;4;5;4;3;The patient's response is mostly faithful to the profile, but it doesn't directly answer the question. The doctor asked about pathology, and the patient should have been more direct in their response. However, they did show empathy by asking for clarification.
14;Gemma;D1;5;4;5;5;5;The patient's answer is faithful to the clinical profile, but slightly deviates from it by not explicitly mentioning 'trauma toracico' or 'infarto miocardico acuto'. The tone and language are natural and empathetic, reflecting the character trait of being remissivo/introverso.
14;Gemma;D2;5;4;5;5;5;The patient's answer is mostly faithful to the clinical profile, describing a severe chest pain under the breastbone. The description of the pain as a 'heavy weight' and difficulty breathing are consistent with the character trait of being remissive/introverso. However, the patient could have provided more specific details about the pain's quality or radiation.
14;Gemma;D3;5;5;4;5;5;The patient's answer is faithful to the clinical profile, natural and sensible. However, it slightly lacks empathy as it doesn't convey a deeper emotional response.
14;Gemma;D4;5;4;5;5;5;The patient's answer is faithful to the profile, but it doesn't directly address the question about pathology. The tone and language are natural and empathetic, reflecting the character trait of being remissivo/introverso.
15;Gemma;D1;5;5;4;5;5;The patient's answer is faithful to the clinical profile, natural in language, and sensible. However, it lacks a bit of emotional resonance, which could be improved by adding more details about their pain or distress.
15;Gemma;D2;5;5;4;5;5;The patient's answer is faithful to the clinical profile, describing a tight and crushing chest pain. The description is natural and sensible, but could be more empathetic given the character trait of being diffident/irritabile.
15;Gemma;D3;4;5;2;3;4;The patient partially follows the instruction by not revealing too much information, but still provides a relevant answer. However, their empathetic response is somewhat lacking and the naturalness of their language could be improved.
15;Gemma;D4;5;4;3;5;5;The patient's response is mostly faithful to the profile, but it doesn't directly address the question about their pathology. The tone and language are natural and empathetic, but could be more consistent with the character trait of being diffident/irritabile.
